Song Title,Raw Data,Preprocessed
Grenade,"[Verse 1]
Easy come, easy go, that's just how you live, oh
Take, take, take it all, but you never give
Shoulda known you was trouble from the first kiss
Had your eyes wide open; why were they open? (Ooh)

[Pre-Chorus]
Gave you all I had and you tossed it in the trash
You tossed it in the trash, you did
To give me all your love is all I ever ask
'Cause what you don't understand is

[Chorus]
I'd catch a grenade for ya (Yeah, yeah, yeah)
Throw my hand on a blade for ya (Yeah, yeah, yeah)
I'd jump in front of a train for ya (Yeah, yeah, yeah)
You know I'd do anything for ya (Yeah, yeah, yeah)
Oh, oh-oh oh oh, I would go through all this pain
Take a bullet straight through my brain
Yes, I would die for ya baby
But you won't do the same

[Post-Chorus]
No, no, no, no, oh-oh oh...

[Verse 2]
Black, black, black and blue, beat me 'til I'm numb
Tell the devil I said ""Hey"" when you get back to where you're from
Mad woman, bad woman, that's just what you are
Yeah, you'll smile in my face then rip the brakes out my car

[Pre-Chorus]
Gave you all I had and you tossed it in the trash
You tossed it in the trash; yes, you did!
To give me all your love is all I ever ask
'Cause what you don't understand is

[Chorus]
I'd catch a grenade for ya (Yeah, yeah, yeah)
Throw my hand on a blade for ya (Yeah, yeah, yeah)
I'd jump in front of a train for ya (Yeah, yeah, yeah)
You know I'd do anything for ya (Yeah, yeah, yeah)
Oh, oh-oh oh oh, I would go through all this pain
Take a bullet straight through my brain
Yes, I would die for ya, baby
But you won't do the same

[Bridge]
If my body was on fire
Ooh, you'd watch me burn down in flames
You said you loved me, you're a liar
Cause you never, ever, ever did, baby

[Chorus]
But darlin', I'd still catch a grenade for ya (Yeah, yeah, yeah)
Throw my hand on a blade for ya (Yeah, yeah, yeah)
I'd jump in front of a train for ya (Yeah, yeah, yeah)
You know I'd do anything for ya (Yeah, yeah, yeah)
Oh, oh-oh oh-oh, I would go through all this pain
Take a bullet straight through my brain
Yes, I would die for ya, baby
But you won't do the same

[Outro]
No, you won't do the same
You wouldn't do the same
Ooh, you'd never do the same
No, no, no, no oh-oh oh",easy come easy go live oh take take take never give shoulda known trouble first kiss eye wide open open ooh gave tossed trash tossed trash give love ever ask understand I would catch grenade ya yeah yeah yeah throw hand blade ya yeah yeah yeah I would jump front train ya yeah yeah yeah know I would anything ya yeah yeah yeah oh ohoh oh oh would go pain take bullet straight brain yes would die ya baby ohoh oh black black black blue beat til I numb tell devil said hey get back mad woman bad woman yeah smile face rip brake car gave tossed trash tossed trash yes give love ever ask understand I would catch grenade ya yeah yeah yeah throw hand blade ya yeah yeah yeah I would jump front train ya yeah yeah yeah know I would anything ya yeah yeah yeah oh ohoh oh oh would go pain take bullet straight brain yes would die ya baby body fire ooh would watch burn flame said loved liar never ever ever baby darlin I would still catch grenade ya yeah yeah yeah throw hand blade ya yeah yeah yeah I would jump front train ya yeah yeah yeah know I would anything ya yeah yeah yeah oh ohoh ohoh would go pain take bullet straight brain yes would die ya baby would ooh would never ohoh oh
Just the Way You Are,"[Verse 1]
Oh, her eyes, her eyes
Make the stars look like they're not shinin'
Her hair, her hair
Falls perfectly without her trying
She's so beautiful
And I tell her every day
Yeah, I know, I know
When I compliment her she won't believe me
And it's so, it's so
Sad to think that she don't see what I see
But every time she asks me, ""Do I look okay?""
I say

[Chorus]
When I see your face
There's not a thing that I would change
'Cause you're amazing just the way you are
And when you smile
The whole world stops and stares for a while
'Cause, girl, you're amazing just the way you are

[Verse 2]
Her lips, her lips
I could kiss them all day if she'd let me
Her laugh, her laugh
She hates but I think it's so sexy
She's so beautiful, and I tell her every day
Oh you know, you know, you know
I'd never ask you to change
If perfect's what you're searching for
Then just stay the same
So don't even bother asking if you look okay
You know I'll say

[Chorus]
When I see your face
There's not a thing that I would change
'Cause you're amazing just the way you are
And when you smile
The whole world stops and stares for a while
'Cause, girl, you're amazing just the way you are

[Post-Chorus]
The way you are
The way you are
Girl, you're amazing just the way you are

[Chorus]
When I see your face
There's not a thing that I would change
'Cause you're amazing just the way you are
And when you smile
The whole world stops and stares for a while
'Cause, girl, you're amazing just the way you are, yeah",oh eye eye make star look like shinin hair hair fall perfectly without trying beautiful tell every day yeah know know compliment believe sad think see see every time asks look okay say see face thing would change amazing way smile whole world stop stare girl amazing way lip lip could kiss day would let laugh laugh hate think sexy beautiful tell every day oh know know know I would never ask change perfect searching stay even bother asking look okay know I say see face thing would change amazing way smile whole world stop stare girl amazing way way way girl amazing way see face thing would change amazing way smile whole world stop stare girl amazing way yeah
Our First Time,"[Refrain]
Don't it feel good, babe?
Don't it feel good, baby?
Cause it's so brand new, babe
It's so brand new, baby
Don't it feel good, babe?
Don't it feel good, baby?
Cause it's so brand new, babe
It's so brand new, baby

[Verse 1]
Na-na-na, here we are, here we are
In this big old empty room, staring at each other
Who's gonna make the first move?
Been doing our thing for a minute
And now both our hearts are in it
The only place to go is all the way

[Chorus]
Is that alright? Is that okay?
Girl, no need to be nervous
Cause I got you all night
Don't you worry about a thing, babe
Just go with it, go with it, go with it
And I will go real slow with it, slow with it
It's our first time
Go with it, go with it, go with it
And I will go real slow with it, slow with it
It's our first time

[Verse 2]
Clothes are not required
For what we got planned
Ooh, girl, you're my desire
Your wish is my command
Treat you like a princess
Ooh, girl, you're so delicious
Like ice cream on a sunny day
Gonna eat you before you melt away

[Chorus]
Is that alright? Is that okay?
Girl, no need to be nervous
Cause I got you all night
Don't you worry about a thing, babe
Just go with it, go with it, go with it
And I will go real slow with it, slow with it
It's our first time
Go with it, go with it, go with it
And I will go real slow with it, slow with it
It's our first time

[Refrain]
Don't it feel good, babe?
Don't it feel good, baby?
Cause it's so brand new, babe
It's so brand new, baby
Don't it feel good, babe?
Don't it feel good, baby?
Cause it's so brand new, babe
It's so brand new, baby

[Chorus]
Just go with it, go with it, go with it
And I will go real slow with it, slow with it
It's our first time
Go with it, go with it, go with it
And I will go real slow with it, slow with it
It's our first time",feel good babe feel good baby brand new babe brand new baby feel good babe feel good baby brand new babe brand new baby nanana big old empty room staring going make first move thing minute heart place go way alright okay girl need nervous got night worry thing babe go go go go real slow slow first time go go go go real slow slow first time clothes required got planned ooh girl desire wish command treat like princess ooh girl delicious like ice cream sunny day going eat melt away alright okay girl need nervous got night worry thing babe go go go go real slow slow first time go go go go real slow slow first time feel good babe feel good baby brand new babe brand new baby feel good babe feel good baby brand new babe brand new baby go go go go real slow slow first time go go go go real slow slow first time
Runaway Baby,"[Intro]
Oh yes

[Verse 1]
Well, looky here, looky here
Ah, what do we have?
Another pretty thing ready for me to grab
But little does she know that I'm a wolf in sheep's clothing
'Cause at the end of the night, it is her I'll be holding

[Pre-Chorus]
I love you so
That's what you'll say
You'll tell me, ""Baby, baby, please don't go away...""
But when I play, I never stay
So every girl that I meet, yeah, this is what I say

[Chorus]
Run, run, run away, run away, baby
Before I put my spell on you
You better get, get, get away, get away, darlin'
'Cause everything you heard is true
Your poor little heart will end up alone
'Cause Lord knows I'm a rollin' stone
So you better run, run, run away, run away, baby

[Verse 2]
Well, let me think, let me think
Ah, what should I do?
So many eager young bunnies that I'd like to pursue
Now even though they eating out the palm of my hand
There's only one carrot and they all gotta share it

[Pre-Chorus]
I love you so
That's what you'll say
You'll tell me, ""Baby, baby, please don't go away...""
But when I play, I never stay
So every girl that I meet, yeah, this is what I say

[Chorus]
Run, run, run away, run away, baby
Before I put my spell on you
You better get, get, get away, get away, darlin'
'Cause everything you heard is true
Your poor little heart will end up alone
'Cause Lord knows I'm a rollin' stone
So you better run, run, run away, run away, baby

[Bridge]
See, I ain't trynna' hurt you, baby, no, no
No, I just wanna work you, baby, yup, yup
See, I ain't trynna' hurt you, baby, no, no
No, I just wanna work you, baby
If you scared you better run
(You better run) you better run
(You better run) you better run
You better, you better, you better

[Chorus]
Run, run, run away, run away, baby
Before I put my spell on you
You better get, get, get away, get away, darlin'
'Cause everything you heard is true
Your poor little heart will end up alone
'Cause Lord knows I'm a rollin' stone
So you better run, run, run away, run away, baby",oh yes well looky looky ah another pretty thing ready grab little know I wolf sheep clothing end night I holding love say tell baby baby please go away play never stay every girl meet yeah say run run run away run away baby put spell better get get get away get away darlin everything heard true poor little heart end alone lord know I rollin stone better run run run away run away baby well let think let think ah many eager young bunny I would like pursue even though eating palm hand one carrot got share love say tell baby baby please go away play never stay every girl meet yeah say run run run away run away baby put spell better get get get away get away darlin everything heard true poor little heart end alone lord know I rollin stone better run run run away run away baby see trynna hurt baby want work baby yup yup see trynna hurt baby want work baby scared better run better run better run better run better run better better better run run run away run away baby put spell better get get get away get away darlin everything heard true poor little heart end alone lord know I rollin stone better run run run away run away baby
Lazy Song,"[Chorus]
Today, I don't feel like doing anything
I just wanna lay in my bed
Don't feel like picking up my phone
So leave a message at the tone
'Cause today, I swear, I'm not doing anything

[Verse 1]
I'm gonna kick my feet up, then stare at the fan
Turn the TV on, throw my hand in my pants
Nobody's gonna tell me I can't
I'll be lounging on the couch
Just chillin' in my Snuggie
Click to MTV, so they can teach me how to dougie
'Cause in my castle I'm the freaking man

[Pre-Chorus]
Oh oh, yes I said it
I said it, I said it, 'cause I can

[Chorus]
Today, I don't feel like doing anything
I just wanna lay in my bed
Don't feel like picking up my phone
So leave a message at the tone
'Cause today, I swear, I'm not doing anything
Nothing at all
Nothing at all

[Verse 2]
Tomorrow, I'll wake up, do some P90X
Meet a really nice girl, have some really nice sex
She's gonna scream out, ""This is great!""
(Oh my god, this is great)
Yeah, I might mess around and get my college degree
I bet my old man will be so proud of me
But sorry pops, you'll just have to wait

[Pre-Chorus]
Oh oh, yes I said it
I said it, I said it, 'cause I can

[Chorus]
Today, I don't feel like doing anything
I just wanna lay in my bed
Don't feel like picking up my phone
So leave a message at the tone
'Cause today, I swear, I'm not doing anything

[Bridge]
No, I ain't gonna comb my hair
'Cause I ain't going anywhere
No, no, no, no, no, no, no, no, no
I'll just strut in my birthday suit
And let everything hang loose
Yeah, yeah, yeah, yeah, yeah, yeah, yeah, yeah, yeah, yeah

[Chorus]
Oh, today, I don't feel like doing anything
I just wanna lay in my bed
Don't feel like picking up my phone
So leave a message at the tone
'Cause today, I swear, I'm not doing anything
Nothing at all
Nothing at all",today feel like anything want lay bed feel like picking phone leave message tone today swear I anything I going kick foot stare fan turn tv throw hand pant nobody going tell I lounging couch chillin snuggie click mtv teach dougie castle I freaking man oh oh yes said said said today feel like anything want lay bed feel like picking phone leave message tone today swear I anything nothing nothing tomorrow I wake p90x meet really nice girl really nice sex going scream great oh god great yeah might mess around get college degree bet old man proud sorry pop wait oh oh yes said said said today feel like anything want lay bed feel like picking phone leave message tone today swear I anything going comb hair going anywhere I strut birthday suit let everything hang loose yeah yeah yeah yeah yeah yeah yeah yeah yeah yeah oh today feel like anything want lay bed feel like picking phone leave message tone today swear I anything nothing nothing
Marry You,"[Chorus]
It's a beautiful night
We're looking for something dumb to do
Hey baby, I think I wanna marry you
Is it the look in your eyes, or is it this dancing juice?
Who cares baby, I think I wanna to marry you

[Verse 1]
Well, I know this little chapel on the boulevard we can go
No one will know
Oh, come on, girl
Who cares if we're trashed
Got a pocket full of cash we can blow
Shots of patron
And it's on, girl

[Pre-Chorus]
Don't say no, no, no, no, no
Just say yeah, yeah, yeah, yeah, yeah
And we'll go, go, go, go, go
If you're ready, like I'm ready

[Chorus]
Cause it's a beautiful night
We're looking for something dumb to do
Hey baby, I think I wanna marry you
Is it the look in your eyes, or is it this dancing juice?
Who cares baby, I think I wanna marry you, oh

[Verse 2]
I'll go get a ring, let the choir bells sing, like ooh
So what you wanna do?
Let's just run girl
If we wake up and you wanna break up, that's cool
No, I won't blame you
It was fun, girl

[Pre-Chorus]
Don't say no, no, no, no, no
Just say yeah, yeah, yeah, yeah, yeah
And we'll go, go, go, go, go
If you're ready, like I'm ready

[Chorus]
Cause it's a beautiful night
We're looking for something dumb to do
Hey baby, I think I wanna marry you
Is it the look in your eyes, or is it this dancing juice?
Who cares baby, I think I wanna marry you, oh

[Bridge]
Just say, ""I do...""
Tell me right now baby
Tell me right now baby, baby
Just say, ""I do...""
Tell me right now baby
Tell me right now baby, baby

[Chorus]
Oh, it's a beautiful night
We're looking for something dumb to do
Hey baby, I think I wanna marry you
Is it the look in your eyes, or is it this dancing juice?
Who cares baby, I think I wanna marry you",beautiful night looking something dumb hey baby think want marry look eye dancing juice care baby think want marry well know little chapel boulevard go one know oh come girl care trashed got pocket full cash blow shot patron girl say say yeah yeah yeah yeah yeah go go go go go ready like I ready beautiful night looking something dumb hey baby think want marry look eye dancing juice care baby think want marry oh I go get ring let choir bell sing like ooh want let u run girl wake want break cool blame fun girl say say yeah yeah yeah yeah yeah go go go go go ready like I ready beautiful night looking something dumb hey baby think want marry look eye dancing juice care baby think want marry oh say tell right baby tell right baby baby say tell right baby tell right baby baby oh beautiful night looking something dumb hey baby think want marry look eye dancing juice care baby think want marry
Talking to the Moon,"[Verse 1]
I know you're somewhere out there
Somewhere far away
I want you back, I want you back
My neighbors think I'm crazy
But they don't understand
You're all I have, you're all I have

[Pre-Chorus]
At night when the stars light up my room
I sit by myself...

[Chorus]
Talking to the moon
Trying to get to you
In hopes you're on the other side talking to me too
Or am I a fool, who sits alone, talking to the moon?

[Verse 2]
I'm feeling like I'm famous, the talk of the town
They say I've gone mad
Yeah, I've gone mad
But they don't know what I know
Cause when the sun goes down someone's talking back
Yeah, they're talking back, oh

[Pre-Chorus]
At night when the stars light up my room
I sit by myself...

[Chorus]
Talking to the moon
Trying to get to you
In hopes you're on the other side talking to me too
Or am I a fool, who sits alone, talking to the moon?

[Bridge]
Do you ever hear me calling?
Oh-oh-oh, oh-oh-oh
Cause every night, I'm talking to the moon

[Chorus]
Still trying to get to you
In hopes you're on the other side talking to me too
Or am I a fool, who sits alone, talking to the moon?

[Outro]
I know you're somewhere out there
Somewhere far away",know somewhere somewhere far away want back want back neighbor think I crazy understand night star light room sit talking moon trying get hope side talking fool sits alone talking moon I feeling like I famous talk town say I gone mad yeah I gone mad know know sun go someone talking back yeah talking back oh night star light room sit talking moon trying get hope side talking fool sits alone talking moon ever hear calling ohohoh ohohoh every night I talking moon still trying get hope side talking fool sits alone talking moon know somewhere somewhere far away
Liquor Store Blues,"[Intro: Damian Marley]
Now greetings to da world (all of you)
Vye here is da one called Bruno Mars 'long side gong to da zilla
(Ya know me, I roll)

[Verse 1: Bruno Mars]
Standing at this liquor store
Whiskey coming through my pores
Feeling like I run this whole block
Lotto tickets, cheap beer
That's why you can catch me here
Tryna scratch my way up to the top

[Pre-Chorus: Bruno Mars]
'Cause my job got me going nowhere
So I ain't got a thing to lose
Take me to a place where I don't care
This is me and my liquor store blues

[Chorus: Bruno Mars]
I'll take one shot for my pain
One drag for my sorrow
Get messed up today
I'll be okay tomorrow
One shot for my pain
One drag for my sorrow
Get messed up today
I'll be okay tomorrow

[Verse 2: Bruno Mars]
Me and my guitar, tonight
Singing to the city lights
Tryna leave with more than what I got
'Cause 68 cent just ain't gonna pay the rent
So I'll be out here 'til they call the cops

[Pre-Chorus: Bruno Mars]
'Cause my job got me going nowhere
So I ain't got a thing to lose
Take me to a place where I don't care
This is me and my liquor store blues

[Chorus: Bruno Mars]
I'll take one shot for my pain
One drag for my sorrow
Get messed up today
I'll be okay tomorrow
One shot for my pain
One drag for my sorrow
Get messed up today
I'll be okay tomorrow

[Verse 3: Damian Marley]
Here come Junior Gong
I'm flying high like Superman
And thinking that I run the whole block
I dunno if it's just because
Pineapple kush between my jaws
Has got me feeling like I'm on top
Feeling like I would stand up to de cops
And stand up to de bigga heads
Becaw de whole ah de ah saps
All de talk dem a talk
And dem fly make nah drop
Nuff ghetto youth cannot escape de trap

[Chorus: Bruno Mars]
Give me this one shot for my pain
One drag for my sorrow
Get messed up today
I'll be okay tomorrow
One shot for my pain
One drag for my sorrow
Get messed up today
I'll be okay tomorrow

[Outro Spoken: Damian Marley]
Now greetings to da world
Vyes to da one called Bruno Mars 'long side gong to da zilla
A.K.A. Damian junior gong Marley, yes sir
Ya best believe, ha ha (now neh)",greeting da world vye da one called bruno mar long side gong da zilla ya know roll standing liquor store whiskey coming pore feeling like run whole block lotto ticket cheap beer catch tryna scratch way top job got going nowhere got thing lose take place care liquor store blue I take one shot pain one drag sorrow get messed today I okay tomorrow one shot pain one drag sorrow get messed today I okay tomorrow guitar tonight singing city light tryna leave got 68 cent going pay rent I til call cop job got going nowhere got thing lose take place care liquor store blue I take one shot pain one drag sorrow get messed today I okay tomorrow one shot pain one drag sorrow get messed today I okay tomorrow come junior gong I flying high like superman thinking run whole block dunno pineapple kush jaw got feeling like I top feeling like would stand de cop stand de bigga head becaw de whole ah de ah sap de talk dem talk dem fly make nah drop nuff ghetto youth escape de trap give one shot pain one drag sorrow get messed today I okay tomorrow one shot pain one drag sorrow get messed today I okay tomorrow greeting da world vyes da one called bruno mar long side gong da zilla aka damian junior gong marley yes sir ya best believe ha ha neh
The Other Side,"[Verse 1: Bruno Mars]
Truth of the matter is I'm complicated
You're as straight as they come
You go 'bout your day, baby
While I hide from the sun
It's better if you don't understand
Cause you won't know what it's like until you try

[Chorus: Bruno Mars]
You know I, I've been waiting on the other side
And you, all you gotta do is cross the line
I could wait a whole lifetime, but you just gotta decide
You know I, I've been waiting on the other
Waiting on the other side

[Verse 2: Cee-Lo Green]
We would live forever
Who could ask for more?
You could die if you wanted, but baby, what for?
It's better if you don't understand
And you won't know what it's like until you, try

[Chorus: Cee-Lo Green]
You know I, I've been waiting on the other side
And you, all you gotta do is cross the line
I could wait a whole lifetime, but you just gotta decide
You know I, I've been waiting on the other
Waiting on the other side

[Verse 3: B.o.B.]
If they say life's a dream, call this insomnia
Cause this ain't Wonderland, it damn sure ain't Narnia
And once you cross the line, you can't change your mind
Yeah, I'm a monster, but I'm no Frankenstein
And quite frankly, I've been feelin' insane in between my eyes
I really can't explain what I feel inside
If you knew what I was, you would run and hide
Many have tried to go into the night
Cross over the line, and come back alive
But that's the price we pay when we living on the other side

[Chorus: Bruno Mars]
You know I, I've been waiting on the other side
And you, all you gotta do is cross the line
I could wait a whole lifetime, but you just gotta decide
You know I, I've been waiting on the other
Waiting on the other side

[Outro: B.o.B]
It's better if you don't understand
It's better if you don't understand
It's better if you don't understand
It's better if you don't understand
It's better if you don't understand
It's better if you don't understand",truth matter I complicated straight come go bout day baby hide sun better understand know like try know I waiting side got cross line could wait whole lifetime got decide know I waiting waiting side would live forever could ask could die wanted baby better understand know like try know I waiting side got cross line could wait whole lifetime got decide know I waiting waiting side say life dream call insomnia wonderland damn sure narnia cross line change mind yeah I monster I frankenstein quite frankly I feelin insane eye really explain feel inside knew would run hide many tried go night cross line come back alive price pay living side know I waiting side got cross line could wait whole lifetime got decide know I waiting waiting side better understand better understand better understand better understand better understand better understand
Young Girls,"[Verse 1]
I spend all my money
On a big, old fancy car
For these bright-eyed honeys
Oh yeah, you know who you are
Keep me up 'til the sun is high
'Til the birds start calling my name
I'm addicted and I don't know why
Guess I've always been this way

[Pre-Chorus]
All these roads steer me wrong
But I still drive them all night long
All night long

[Chorus]
All you young, wild girls
You make a mess of me
Yeah, you young, wild girls
You'll be the death of me, the death of me
All you young, wild girls
No matter what you do
Yeah, you young, wild girls
I'll always come back to you, come back to you

[Verse 2]
I get lost under these lights
I get lost in the words I say
Start believing my own lies
Like everything will be okay
Oh I still dream of a simple life
Boy meets girl, makes her his wife
But love don't exist when you live like this
That much I know, yes I know

[Pre-Chorus]
All these roads steer me wrong
But I still drive them all night long
All night long

[Chorus]
All you young, wild girls
You make a mess of me
Yeah, you young, wild girls
You'll be the death of me, the death of me
All you young, wild girls
No matter what you do
Yeah, you young, wild girls
I'll always come back to you, come back to you

[Bridge]
You, you, you, you
Yeah you you you
You you you you

[Chorus]
All you young, wild girls
You make a mess of me
Yeah, you young, wild girls
You'll be the death of me, the death of me
All you young, wild girls
No matter what you do
Yeah, you young, wild girls
I'll always come back to you, come back to you",spend money big old fancy car brighteyed honey oh yeah know keep til sun high til bird start calling name I addicted know guess I always way road steer wrong still drive night long night long young wild girl make mess yeah young wild girl death death young wild girl matter yeah young wild girl I always come back come back get lost light get lost word say start believing lie like everything okay oh still dream simple life boy meet girl make wife love exist live like much know yes know road steer wrong still drive night long night long young wild girl make mess yeah young wild girl death death young wild girl matter yeah young wild girl I always come back come back yeah young wild girl make mess yeah young wild girl death death young wild girl matter yeah young wild girl I always come back come back
Locked Out of Heaven,"[Intro]
(One, two, one, two, three)
Aw, yeah yeah
Aw, yeah yeah yeah yeah, ooh!
Aw, yeah yeah
Aw, yeah yeah yeah yeah, ooh!

[Verse 1]
Never had much faith in love or miracles
Never wanna put my heart on the line
But swimming in your water's something spiritual
I'm born again every time you spend the night

[Pre-Chorus]
'Cause your sex takes me to paradise
Yeah, your sex takes me to paradise
And it shows, yeah yeah yeah

[Chorus]
'Cause you make me feel like
I've been locked out of heaven
For too lo-o-ong, for too lo-o-ong
Yeah, you make me feel like
I've been locked out of heaven
For too lo-o-ong, for too lo-o-ong

[Post-Chorus]
Aw, yeah yeah yeah yeah, ooh!
Aw, yeah yeah
Aw, yeah yeah yeah yeah, ooh!

[Verse 2]
You bring me to my knees, you make me testify
You can make a sinner change his ways
Open up your gates cause I can't wait to see the light
And right there is where I wanna stay

[Pre-Chorus]
'Cause your sex takes me to paradise
Yeah, your sex takes me to paradise
And it shows, yeah yeah yeah

[Chorus]
'Cause you make me feel like
I've been locked out of heaven
For too lo-o-ong, for too lo-o-ong
Yeah, you make me feel like
I've been locked out of heaven
For too lo-o-ong, for too lo-o-ong

[Bridge]
Oh-oh-oh-oh, yeah yeah yeah
Can I just stay here?
Spend the rest of my days here?
Oh-oh-oh-oh, yeah yeah yeah
Can I just stay here?
Spend the rest of my days here?

[Chorus]
'Cause you make me feel like
I've been locked out of heaven
For too lo-o-ong, for too lo-o-ong
Yeah, you make me feel like
I've been locked out of heaven
For too lo-o-ong, for too lo-o-ong

[Outro]
Aw, yeah yeah yeah yeah, ooh!
Aw, yeah yeah
Aw, yeah yeah yeah yeah, ooh!",one two one two three aw yeah yeah aw yeah yeah yeah yeah ooh aw yeah yeah aw yeah yeah yeah yeah ooh never much faith love miracle never want put heart line swimming water something spiritual I born every time spend night sex take paradise yeah sex take paradise show yeah yeah yeah make feel like I locked heaven looong looong yeah make feel like I locked heaven looong looong aw yeah yeah yeah yeah ooh aw yeah yeah aw yeah yeah yeah yeah ooh bring knee make testify make sinner change way open gate wait see light right want stay sex take paradise yeah sex take paradise show yeah yeah yeah make feel like I locked heaven looong looong yeah make feel like I locked heaven looong looong ohohohoh yeah yeah yeah stay spend rest day ohohohoh yeah yeah yeah stay spend rest day make feel like I locked heaven looong looong yeah make feel like I locked heaven looong looong aw yeah yeah yeah yeah ooh aw yeah yeah aw yeah yeah yeah yeah ooh
Gorilla,"[Verse 1]
Ooh, I got a body full of liquor
With a cocaine kicker
And I'm feeling like I'm thirty feet tall
So lay it down, lay it down
You got your legs up in the sky
With the devil in your eyes
Let me hear you say you want it all
Say it now, say it now

[Pre-Chorus]
Look what you're doing
Look what you've done
But in this jungle you can't run
Cause what I got for you, I promise it's a killa
You'll be banging on my chest, bang bang, gorilla

[Chorus]
Ooh, yeah
You and me, baby, making love like gorillas
Ooh, yeah
You and me, baby, making love like gorillas

[Verse 2]
Yeah, I got a fistful of your hair
But you don't look like you're scared
You're just smiling, tell me ""Daddy, it's yours""
Cause you know how I like it you's a dirty little lover
If the neighbors call the cops
Call the sheriff, call the SWAT, we don't stop
We keep rocking while they knocking on our door
And you're screaming, ""Give it to me baby
Give it to me, motherfucker!""

[Pre-Chorus]
Look what you're doing
Look what you've done
But in this jungle you can't run
Cause what I got for you, I promise it's a killa
You'll be banging on my chest, bang bang, gorilla

[Chorus]
Ooh, yeah
You and me, baby, making love like gorillas
Ooh, yeah
You and me, baby, making love like gorillas

[Bridge]
I bet you never ever felt so good, so good
I got your body trembling like it should, it should
You'll never be the same, baby, once I'm done with
Yoo-oo-oo-oo-oou, yeah

[Breakdown]
You, you, you...

[Chorus]
Oho, you with me, baby, making love like gorillas
Oh, oh, oh, oh yeah
Yeah, you and me ,baby, we'll be fucking like gorillas
(Oh...)
Yeah, yeah, yeah, baby baby, aw, yeah
You and me baby, making love like gorillas

[Live Verse]
Girl, let me take my time, take my time, take my time, babe
I just want one smile, want one smile, want one smile, babe
Once I lay besides you, girl, I will make you scream, ""yeah, yeah""
Girl, let me take my time, take my time, take my time, babe
I just want one smile, want one smile, want one smile, babe
Once I get inside you, girl, I will make you scream, ""yeah, yeah, yeah""
Come on (etc.)
Yeah, yeah, yeah",ooh got body full liquor cocaine kicker I feeling like I thirty foot tall lay lay got leg sky devil eye let hear say want say say look look done jungle run got promise killa banging chest bang bang gorilla ooh yeah baby making love like gorilla ooh yeah baby making love like gorilla yeah got fistful hair look like scared smiling tell daddy know like yous dirty little lover neighbor call cop call sheriff call swat stop keep rocking knocking door screaming give baby give motherfucker look look done jungle run got promise killa banging chest bang bang gorilla ooh yeah baby making love like gorilla ooh yeah baby making love like gorilla bet never ever felt good good got body trembling like never baby I done yoooooooooou yeah oho baby making love like gorilla oh oh oh oh yeah yeah baby fucking like gorilla oh yeah yeah yeah baby baby aw yeah baby making love like gorilla girl let take time take time take time babe want one smile want one smile want one smile babe lay besides girl make scream yeah yeah girl let take time take time take time babe want one smile want one smile want one smile babe get inside girl make scream yeah yeah yeah come etc yeah yeah yeah
Treasure,"[Intro]
Baby squirrel, you's a sexy mother-fucker

[Verse 1]
Gimme your, gimme your, gimme your attention, baby
I gotta tell you a little somethin' about yourself!
You're wonderful, flawless, ooh you're a sexy lady
But you walk around here like you wanna be someone else

[Pre-Chorus]
I know that you don't know it, but you're fine, so fine
Oh girl I'm gonna show you when you're mine, oh mine

[Chorus]
Treasure, that is what you are
Honey you're my golden star
You know you can make my wish come true
If you let me treasure you
If you let me treasure you

[Verse 2]
Pretty girl, pretty girl, pretty girl you should be smiling
A girl like you should never look so blue
You're everything I see in my dreams
I wouldn't say that to you if it wasn't true

[Pre-Chorus]
I know that you don't know it, but you're fine, so fine
Oh girl I'm gonna show you when you're mine, oh mine

[Chorus]
Treasure, that is what you are
Honey you're my golden star
You know you can make my wish come true
If you let me treasure you
If you let me treasure you

[Interlude]
You are my treasure, you are my treasure
You are my treasure, yeah, you you you, you are
You are my treasure, you are my treasure
You are my treasure, yeah, you you you, you are

[Chorus]
Treasure, that is what you are
Honey you're my golden star
You know you can make my wish come true
If you let me treasure you
If you let me treasure you",baby squirrel yous sexy motherfucker give give give attention baby got tell little something wonderful flawless ooh sexy lady walk around like want someone else know know fine fine oh girl I going show mine oh mine treasure honey golden star know make wish come true let treasure let treasure pretty girl pretty girl pretty girl smiling girl like never look blue everything see dream would say true know know fine fine oh girl I going show mine oh mine treasure honey golden star know make wish come true let treasure let treasure treasure treasure treasure yeah treasure treasure treasure yeah treasure honey golden star know make wish come true let treasure let treasure
Moonshine,"[Verse 1]
Hello
You know you look even better
Than the way you did the night before
And the moment that you kiss my lips
You know, I start to feel wonderful
It's something incredible
There's sex in your chemicals, oh
Ooh, let's go
You're the best way I know to escape the extraordinary
This world ain't for you
And I know for damn sure this world ain't for me
Lift off and say goodbye
Just let your fire set me free

[Chorus]
Oh, moonshine, take us to the stars tonight
Take us to that special place
That place we went the last time
The last time

[Verse 2]
I know
I was with you last night, but it feels like it's been so long
And everybody that's around
They notice that I'm not myself when you're gone
It's good to see you again
Good to see you again
On top of the world
Is where I stand when you're back in my life
Life's not so bad when you're way up this high
Everything is alright
Everything is alright

[Chorus]
Oh, moonshine, take us to the stars tonight
Take us to that special place
That place we went the last time
The last time
Oh, moonshine, your loving makes me come alive
Take us to that special place
That place we went the last time
The last time

[Bridge]
Don't look down, don't you ever look back
We are not afraid to die young and live fast
Give me good times, give me love, give me laughs
Let's take a ride to the sky before the night is gone

[Chorus]
Oh, moonshine, take us to the stars tonight
Take us to that special place
That place we went the last time
The last time
Oh, moonshine, your loving makes me come alive
Take us to that special place
That place we went the last time
The last time",hello know look even better way night moment kiss lip know start feel wonderful something incredible sex chemical oh ooh let u go best way know escape extraordinary world know damn sure world lift say goodbye let fire set free oh moonshine take u star tonight take u special place place went last time last time know last night feel like long everybody around notice I gone good see good see top world stand back life life bad way high everything alright everything alright oh moonshine take u star tonight take u special place place went last time last time oh moonshine loving make come alive take u special place place went last time last time look ever look back afraid die young live fast give good time give love give laugh let u take ride sky night gone oh moonshine take u star tonight take u special place place went last time last time oh moonshine loving make come alive take u special place place went last time last time
When I Was Your Man,"[Verse 1]
Same bed but it feels just a little bit bigger now
Our song on the radio but it don't sound the same
When our friends talk about you, all it does is just tear me down
'Cause my heart breaks a little when I hear your name

[Pre-Chorus]
It all just sounds like oooooh ooh
Mmm, too young, too dumb to realize

[Chorus]
That I should have bought you flowers
And held your hand
Should have gave you all my hours
When I had the chance
Take you to every party
'Cause all you wanted to do was dance
Now my baby's dancing
But she's dancing with another man

[Verse 2]
My pride, my ego, my needs, and my selfish ways
Caused a good, strong woman like you to walk out my life
Now I'll never, never get to clean up the mess I made (oh)
And it haunts me every time I close my eyes

[Pre-Chorus]
It all just sounds like oooooh ooh
Mmm, too young, too dumb to realize

[Chorus]
That I should have bought you flowers
And held your hand
Should have gave you all my hours
When I had the chance
Take you to every party
'Cause all you wanted to do was dance
Now my baby's dancing
But she's dancing with another man

[Bridge]
Although it hurts
I'll be the first to say that I was wrong
Oh, I know I'm probably much too late
To try and apologize for my mistakes
But I just want you to know

[Chorus]
I hope he buys you flowers
I hope he holds your hand
Give you all his hours
When he has the chance
Take you to every party
'Cause I remember how much you loved to dance
Do all the things I should have done
When I was your man

[Outro]
Do all the things I should have done
When I was your man",bed feel little bit bigger song radio sound friend talk tear heart break little hear name sound like oooooh ooh mmm young dumb realize bought flower held hand gave hour chance take every party wanted dance baby dancing dancing another man pride ego need selfish way caused good strong woman like walk life I never never get clean mess made oh haunt every time close eye sound like oooooh ooh mmm young dumb realize bought flower held hand gave hour chance take every party wanted dance baby dancing dancing another man although hurt I first say wrong oh know I probably much late try apologize mistake want know hope buy flower hope hold hand give hour chance take every party remember much loved dance thing done man thing done man
Natalie,"[Verse 1]
Oh, I've never done this before
Never want to do this again
Wrong turn, on a dusty road
I did it to myself, I can't pretend
Well I learned just a little too late
Good God, I must have been blind
Cause she got me for everything
Everything, everything, alright
Like my daddy, I'm a gambling man
Never been afraid to roll the dice
But when I put my bet on her
Little Miss Snake Eyes ruined my life
She better sleep with one eye open
Better make sure to lock her doors
Cause once I get my hands on her, I'ma ooh

[Chorus]
Natalie, she ran away with all my money
And she did it for fun
Natalie, she's probably out there thinking it's funny
Telling everyone
Well, I'm digging a ditch for this gold digging bitch
Watch out, she's quick
Look out for a pretty little thing named Natalie
If you see her, tell her I'm coming
She better run

[Verse 2]
The good lord better bless your soul
Cause I done already cursed your name
Don't matter which way you go
Payback's gonna come your way
You'll be begging me, ""Please, please, please""
And I'ma look at you and laugh, laugh, laugh
While you sit there and cry for me, cry for me
Cry for me all night
I'll spend a life time in jail
(Yeah, that's what I'll do)
I'll be smiling in my cell
(Yeah, thinking 'bout you)
Can't nobody save you now
Sure there ain't no use in trying
Once I get my hands on you, I'ma ooh

[Chorus]
Natalie, she ran away with all my money
And she did it for fun
Natalie, she's probably out there thinking it's funny
Telling every one
Well, I'm digging a ditch for this gold digging bitch
Watch out, she's quick
Look out for a pretty little thing named Natalie
If you see her, tell her I'm coming
She better run

[Bridge]
I should've known better
(I should've known better)
Cause when we were together
(Cause when we were together)
She never said forever
(She never said forever)
I'm a fool that played in her game, hey!

[Chorus]
Natalie, she ran away with all my money
And she did it for fun
Natalie, she's probably out there thinking it's funny
Telling every one
Well, I'm digging a ditch for this gold digging bitch
Watch out, she's quick
Look out for a pretty little thing named Natalie
If you see her, tell her I'm coming
She better run",oh I never done never want wrong turn dusty road pretend well learned little late good god must blind got everything everything everything alright like daddy I gambling man never afraid roll dice put bet little miss snake eye ruined life better sleep one eye open better make sure lock door get hand ima ooh natalie ran away money fun natalie probably thinking funny telling everyone well I digging ditch gold digging bitch watch quick look pretty little thing named natalie see tell I coming better run good lord better bless soul done already cursed name matter way go payback going come way begging please please please ima look laugh laugh laugh sit cry cry cry night I spend life time jail yeah I I smiling cell yeah thinking bout nobody save sure use trying get hand ima ooh natalie ran away money fun natalie probably thinking funny telling every one well I digging ditch gold digging bitch watch quick look pretty little thing named natalie see tell I coming better run known better known better together together never said forever never said forever I fool played game hey natalie ran away money fun natalie probably thinking funny telling every one well I digging ditch gold digging bitch watch quick look pretty little thing named natalie see tell I coming better run
Show Me,"[Intro]
Oh yeah, oh yeah
Baby, here we are again, ooh

[Verse 1]
I can see it in your eyes, you want a good time
You wanna put your body on mine
Alright, but don't change your mind
Don't you change it, oh no
Oh yeah, you called me today
Drove all this way, so don't let this buzz go to waste, oh no
Your pleasure, pleasure island is where we can go

[Pre-Chorus]
No, I won't think you're easy, no, I won't think you're fast
Your eyes say amazing, but your lips came to ask
No need to fight it, when you know it feels alright
You say you're a woman who knows what she likes

[Chorus]
Then show me, you got to, you got to show me
You tell me all day that you're lonely
But show me, show me, show me tonight, yeah
Girl, show me, you got to, you got to show me
You tell me all day that you're lonely
But show me, show me, show me tonight, yeah

[Verse 2]
Love the way that you laugh, the way that you smile
Makes me feel like you've been waiting a while
But guess what darling? I've been waiting too
So let's grind, we can get freaky tonight
Right is your ticket to ride
Tell me girl what you gon' do

[Pre-Chorus]
No, I won't think you're easy, no, I won't think you're fast
Your eyes say amazing, but your lips came to ask
No need to fight it, when you know it feels alright
You say you're a woman who knows what she likes

[Chorus]
Then show me, you got to, you got to show me
You tell me all day that you're lonely
But show me, show me, show me tonight, yeah
Girl, show me, you got to, you got to show me
You tell me all day that you're lonely
But show me, show me, show me tonight, yeah

[Bridge]
It's getting freaky in this room, room, room
Now let me hear you say you want that boom, boom, boom
We can take it slow, we can zoom, zoom, zoom
Baby, if you're ready for that uh-uh-uh
It's getting freaky in this room, room, room
Now let me hear you say you want that boom, boom, boom
We can take it slow, we can zoom, zoom, zoom
Baby, if you're ready for that uh-uh-uh

[Chorus]
Then show me, you got to, you got to show me
You tell me all day that you're lonely
But show me, show me, show me tonight, yeah
Girl, show me, you got to, you got to show me
You tell me all day that you're lonely
But show me, show me, show me tonight, yeah",oh yeah oh yeah baby ooh see eye want good time want put body mine alright change mind change oh oh yeah called today drove way let buzz go waste oh pleasure pleasure island go think easy think fast eye say amazing lip came ask need fight know feel alright say woman know like show got got show tell day lonely show show show tonight yeah girl show got got show tell day lonely show show show tonight yeah love way laugh way smile make feel like waiting guess darling I waiting let u grind get freaky tonight right ticket ride tell girl gon think easy think fast eye say amazing lip came ask need fight know feel alright say woman know like show got got show tell day lonely show show show tonight yeah girl show got got show tell day lonely show show show tonight yeah getting freaky room room room let hear say want boom boom boom take slow zoom zoom zoom baby ready uhuhuh getting freaky room room room let hear say want boom boom boom take slow zoom zoom zoom baby ready uhuhuh show got got show tell day lonely show show show tonight yeah girl show got got show tell day lonely show show show tonight yeah
Money Make Her Smile,"[Instrumental break]

[Verse 1]
All you 'get back, coming to the stage'
Is a girl who's new in town
She go by the name 'Where Your Stacks At?'
This pretty little thing, I swear, won't let you down
Watch her drop it like, (dat..) hey!

[Chorus]
Oh, it's not complicated, so this won't take a while
You see, music make her dance
And money, money, money make her smile
(Give her what you got, give her, give her what you got...)
Money, money, money make her smile
(Give her what you got, give her, give her what you got...)
Money, money, money make her smile

[Verse 2]
She's a super freak
You wouldn't know it if you saw her outside these velvet walls
No, she don't go where preachers preach
She only go to the church where dollars fall
Watch her drop it like, (dat..) hey!

[Chorus]
Oh, it's not complicated, so this won't take a while
You see, music make her dance
And money, money, money make her smile
(Give her what you got, give her, give her what you got...)
Money, money, money make her smile
(Give her what you got, give her, give her what you got...)
Money, money, money make her smile

[Breakdown]
Yeah, yeah, yeah, yeah
Watch her
(Give her what you got, give her, give her what you got...)

[Chorus]
Oh, it's not complicated, so this won't take a while
You see, music make her dance
And money, money, money make her smile
(Give her what you got, give her, give her what you got...)
Money, money, money make her smile
(Give her what you got, give her, give her what you got...)
Money, money, money make her smile",get back coming stage girl new town go name stack pretty little thing swear let watch drop like dat hey oh complicated take see music make dance money money money make smile give got give give got money money money make smile give got give give got money money money make smile super freak would know saw outside velvet wall go preacher preach go church dollar fall watch drop like dat hey oh complicated take see music make dance money money money make smile give got give give got money money money make smile give got give give got money money money make smile yeah yeah yeah yeah watch give got give give got oh complicated take see music make dance money money money make smile give got give give got money money money make smile give got give give got money money money make smile
If I Knew,"[Verse 1]
Oh, oh, oh I, I was a city boy
Riding to dangers where I'd always run
A boy who had his fun
But I wouldn't have done
All the things that I have done
If I knew one day you'd come
Now baby (now baby) now baby (now baby)

[Verse 2]
Oh, oh, oh I, I know it breaks your heart
To picture the only one you want to love
In someone else's arms
But I wouldn't have done
All the things that I have done
If I knew one day you'd come
Now baby (now baby) now baby (now baby)

[Bridge]
Oh baby, please, let's leave the past behind us
Behind us
So that we can go where love will find us
Yeah, will find us
I know most girls would leave me
But I know that you believe me

[Verse 3]
Baby, I, I wish we were seventeen
So I could give you all the innocence
That you give to me
No, I wouldn't have done
All the things that I've done
If I knew one day you'd come
If I knew one day you'd come",oh oh oh city boy riding danger I would always run boy fun would done thing done knew one day would come baby baby baby baby oh oh oh know break heart picture one want love someone el arm would done thing done knew one day would come baby baby baby baby oh baby please let u leave past behind u behind u go love find u yeah find u know girl would leave know believe baby wish seventeen could give innocence give would done thing I done knew one day would come knew one day would come
24K Magic,"[Intro]
Tonight
I just want to take you higher
Throw your hands up in the sky
Let's set this party off right

[Chorus]
Players, put yo' pinky rings up to the moon
Girls, what y'all trying to do?
24 karat magic in the air
Head to toe so player
Uh, look out!

[Verse 1]
Pop pop, it's show time (Show time)
Show time (Show time)
Guess who's back again?
Oh they don't know? (Go on tell 'em)
Oh they don't know? (Go on tell 'em)
I bet they know soon as we walk in (Showin' up)
Wearing Cuban links (ya)
Designer minks (ya)
Inglewood's finest shoes (Whoop, whoop)
Don't look too hard
Might hurt ya'self
Known to give the color red the blues

[Pre-Chorus]
Ooh shit, I'm a dangerous man with some money in my pocket
(Keep up)
So many pretty girls around me and they waking up the rocket
(Keep up)
Why you mad? Fix ya face
Ain't my fault y'all be jocking
(Keep up)

[Chorus]
Players only, come on
Put your pinky rings up to the moon
Girls, what y'all trying to do?
24 karat magic in the air
Head to toe so player
Uh, look out!

[Verse 2]
Second verse for the hustlas (hustlas)
Gangstas (gangstas)
Bad bitches and ya ugly ass friends (Haha)
Can I preach? (Uh oh) Can I preach? (Uh oh)
I gotta show 'em how a pimp get it in
First, take your sip (sip), do your dip (dip)
Spend your money like money ain't shit (Whoop, whoop)
We too fresh
Got to blame it on Jesus
Hashtag blessed
They ain't ready for me

[Pre-Chorus]
I'm a dangerous man with some money in my pocket
(Keep up)
So many pretty girls around me and they waking up the rocket
(Keep up)
Why you mad? Fix ya face
Ain't my fault y'all be jocking
(Keep up)

[Chorus]
Players only, come on
Put your pinky rings up to the moon
Hey girls
What y'all trying to do?
24 karat magic in the air
Head to toe so player
Uh, look out!

[Bridge]
(Wooh)
Everywhere I go they be like
Ooh, so player ooh
Everywhere I go they be like
Ooh, so player ooh
Everywhere I go they be like
Ooh, so player ooh
Now, now, now
Watch me break it down like (Uh)
24 karat, 24 karat magic
What's that sound?
24 karat, 24 karat magic
Come on now
24 karat, 24 karat magic
Don't fight the feeling
Invite the feeling

[Chorus]
Just put your pinky rings up to the moon
Girls, what y'all trying to do?
24 karat magic in the air
Head to toe so player
Put your pinky rings up to the moon
Girls, what y'all trying to do? (Do)
24 karat magic in the air
Head to toe so player
(24 karat)
Uh, look out

[Outro]
(24 karat magic, magic, magic)",tonight want take higher throw hand sky let u set party right player put yo pinky ring moon girl trying 24 karat magic air head toe player uh look pop pop show time show time show time show time guess back oh know go tell oh know go tell bet know soon walk showin wearing cuban link ya designer mink ya inglewoods finest shoe whoop whoop look hard might hurt yaself known give color red blue ooh shit I dangerous man money pocket keep many pretty girl around waking rocket keep mad fix ya face fault jocking keep player come put pinky ring moon girl trying 24 karat magic air head toe player uh look second verse hustlas hustlas gangsta gangsta bad bitch ya ugly as friend haha preach uh oh preach uh oh got show pimp get first take sip sip dip dip spend money like money shit whoop whoop fresh got blame jesus hashtag blessed ready I dangerous man money pocket keep many pretty girl around waking rocket keep mad fix ya face fault jocking keep player come put pinky ring moon hey girl trying 24 karat magic air head toe player uh look wooh everywhere go like ooh player ooh everywhere go like ooh player ooh everywhere go like ooh player ooh watch break like uh 24 karat 24 karat magic sound 24 karat 24 karat magic come 24 karat 24 karat magic fight feeling invite feeling put pinky ring moon girl trying 24 karat magic air head toe player put pinky ring moon girl trying 24 karat magic air head toe player 24 karat uh look 24 karat magic magic magic
Chunky,"[Verse 1]
She got to shake her little something
(Shake her little something)
Ooh, throwin' that thing from left, right, side to side
She got to have her own money
(She got her own money)
Oh, yeah
Shout out to the girls that pay they rent on time

[Pre-Chorus]
If you ain't here to party, take your ass back home
If you getting naughty, baby, here's my phone
Slide with your boy to the bar
Slide with your boy to the car
I've been searchin' everywhere and now here you are

[Chorus]
Ooh, chunky
Lookin' for them girls with the big ol' hoops
That drop it down in Daisy Dukes
(I wanna get down)
Yeah, them the ones Im tryna recruit
I'm lookin' at you
Yeah, you, baby

[Verse 2]
Now let me hear you say you ready
(I'm ready)
Oh, yeah
Girl, you better have your hair weave strapped on tight
'Cause once we get goin', we rollin'
We'll cha-cha 'til the morning
So just say alright
(Alright)

[Pre-Chorus]
If you ain't here to party, take your ass back home
If you getting naughty, baby, here's my phone
Slide with your boy to the bar
Slide with your boy to the car
I've been searchin' everywhere and now here you are

[Chorus]
Ooh, chunky
Lookin' for them girls with the big ol' hoops
That drop it down in Daisy Dukes
(I wanna get down)
Yeah, them the ones Im tryna recruit
I'm looking at you
Yeah, you, baby
(Baby, baby, baby)

[Bridge]
Ow, you got what I want
(I got what you want)
Girl, you got what I need
(I got what you need)
37-27-42
Ooh, squeeze all of that into my coupe
Girl, I-I choo-choose you

[Chorus]
Chunky
Lookin' for them girls with the big ol' hoops
That drop it down in Daisy Dukes
(I wanna get down)
Yeah, them the ones Im tryna recruit, woah
I'm lookin' at you
Yeah, you, baby
Chunky
Oh, oh, oh, oh
Lookin' for them girls with the big ol' hoops, hoops
That drop it down in Daisy Dukes
(I wanna get down)
Yeah, them the ones Im tryna recruit
Hey, I'm looking at you
Yeah, you, baby
(Baby, baby, baby)",got shake little something shake little something ooh throwin thing left right side side got money got money oh yeah shout girl pay rent time party take as back home getting naughty baby here phone slide boy bar slide boy car I searchin everywhere ooh chunky lookin girl big ol hoop drop daisy duke want get yeah one I tryna recruit I lookin yeah baby let hear say ready I ready oh yeah girl better hair weave strapped tight get going rollin chacha til morning say alright alright party take as back home getting naughty baby here phone slide boy bar slide boy car I searchin everywhere ooh chunky lookin girl big ol hoop drop daisy duke want get yeah one I tryna recruit I looking yeah baby baby baby baby ow got want got want girl got need got need 372742 ooh squeeze coupe girl ii choochoose chunky lookin girl big ol hoop drop daisy duke want get yeah one I tryna recruit woah I lookin yeah baby chunky oh oh oh oh lookin girl big ol hoop hoop drop daisy duke want get yeah one I tryna recruit hey I looking yeah baby baby baby baby
Perm,"[Intro: Unnamed Man & Bruno Mars]
Now look at you, been walking in here looking all pretty and angry and mean and good
Now I know you didn't get your hair done so you could just sit down and just sit still
Aye, we tryna have a good time tonight, let's go baby!

[Verse 1: Bruno Mars and (Backing Vocalists)]
It's my birthday
(No it's not)
But I still look good though
(Hot comb hot)
I bet you want an autograph
(For you and your friends)
Gotta do it in the penthouse
That's where I keep my pen

[Pre-Chorus]
What you can't dance? Ain't got rhythm?
What you got a man? I don't see you with him
Put your phone down, let's get it
Forget your Instagram and your Twitter
Got me like woah, wait a minute
You need to take a minute
Loosen them shoulders up
Pour it up, let's work

[Chorus]
Throw some perm on your attitude
Girl you gotta relax, ooh
Let me show you what you got to do
You gotta lay it back
Matter of fact? Band, show her how to lay it back!
Show her how to lay it back
Show her how to lay it back
Show her how to lay it back
Alright!

[Verse 2: Bruno Mars and (Backing Vocalists)]
Come on baby I love you
(No you don't)
You never know, I might though
(Can't say I won't, ah)
There's that smile I'm looking for
(Was that so hard?)
If you ever need to smile again girl, take my card

[Pre-Chorus]
Razzle-dazzle, never gon' stop
What you want is what I got
You wanna get down? You gotta get up
Don't be stingy with your big ol' butt
You got a booty like
Woah, wait a minute
I'm just playing with you
Loosen them shoulders up
Pour it up, let's work

[Chorus]
Throw some perm on your attitude
Girl you gotta relax, ooh
Let me show you what you got to do
You gotta lay it back
Matter of fact? Band, show her how to lay it back!
Show her how to lay it back
Show her how to lay it back
Show her how to lay it back
Alright!

[Interlude]
Aye, now you got it baby. You tryna have some fun tonight, you just gotta follow these simple instructions, you ready?

[Bridge]
You need activate your sexy (activate your sexy)
Silky, smooth and snap (silky, smooth and snap)
Now lean with it (lean), throw a lil sheen in it (sheen)
Then pat, pat, pat 'til it's flat
One more time
You need activate your sexy (activate your sexy)
Silky, smooth and snap (silky, smooth and snap)
Now lean with it (lean), throw a lil sheen in it (sheen)
Then pat, pat, pat 'til it's flat

[Chorus]
I'll sing it again
Throw some perm on your attitude
Girl you gotta relax, ooh
Let me show you what you got to do
You gotta lay it back
Matter of fact? Band, show her how to lay it back!
Show her how to lay it back
Show her how to lay it back
Show her how to lay it back
Alright!",look walking looking pretty angry mean good know get hair done could sit sit still aye tryna good time tonight let u go baby birthday still look good though hot comb hot bet want autograph friend got penthouse keep pen dance got rhythm got man see put phone let u get forget instagram twitter got like woah wait minute need take minute loosen shoulder pour let u work throw perm attitude girl got relax ooh let show got got lay back matter fact band show lay back show lay back show lay back show lay back alright come baby love never know might though say ah smile I looking hard ever need smile girl take card razzledazzle never gon stop want got want get got get stingy big ol butt got booty like woah wait minute I playing loosen shoulder pour let u work throw perm attitude girl got relax ooh let show got got lay back matter fact band show lay back show lay back show lay back show lay back alright aye got baby tryna fun tonight got follow simple instruction ready need activate sexy activate sexy silky smooth snap silky smooth snap lean lean throw lil sheen sheen pat pat pat til flat one time need activate sexy activate sexy silky smooth snap silky smooth snap lean lean throw lil sheen sheen pat pat pat til flat I sing throw perm attitude girl got relax ooh let show got got lay back matter fact band show lay back show lay back show lay back show lay back alright
That's What I Like,"[Verse 1]
Hey, hey, hey
I got a condo in Manhattan
Baby girl, what's  hatnin'?
You and your ass invited
So gon' and get to clappin'
So pop it for a player
Pop, pop it for me
Turn around and drop it for a player
Drop, drop it for me
I'll rent a beach house in Miami (-ami)
Wake up with no jammies (Nope)
Lobster tail for dinner
Julio serve that scampi (Julio!)
You got it if you want it
Got, got it if you want it
Said you got it if you want it
Take my wallet if you want it now

[Pre-Chorus]
Jump in the Cadillac, girl, let's put some miles on it
Anything you want, just to put a smile on it
You deserve it baby, you deserve it all
And I'm gonna give it to you

[Chorus]
Gold jewelry shining so bright
Strawberry champagne on ice
Lucky for you, that's what I like, that's what I like
Lucky for you, that's what I like, that's what I like
Sex by the fire at night
Silk sheets and diamonds all white
Lucky for you, that's what I like, that's what I like
Lucky for you, that's what I like, that's what I like

[Verse 2]
I'm talkin' trips to Puerto Rico
Say the word and we go (Say it)
You can be my freaka (Brrrt!)
Girl, I'll be a fleeko
Mamacita
I will never make a promise that I can't keep
I promise that your smile ain't gon' never leave
Shopping sprees in Paris
Everything 24 karats
Take a look in that mirror
Now tell me who's the fairest
Is it you? (Is it you?) Is it me? (Is it me?)
Say it's us (Say it's us) and I'll agree, baby

[Pre-Chorus]
Jump in the Cadillac, girl, let's put some miles on it
Anything you want, just to put a smile on it
You deserve it baby, you deserve it all
And I'm gonna give it to you

[Chorus]
Gold jewelry shining so bright
Strawberry champagne on ice
Lucky for you, that's what I like, that's what I like
Lucky for you, that's what I like, that's what I like
Sex by the fire at night
Silk sheets and diamonds all white
Lucky for you, that's what I like, that's what I like
Lucky for you, that's what I like, that's what I like

[Bridge]
If you say you want a good time
Well here I am baby, here I am baby
Talk to me, talk to me, talk to me
Tell me what's on your mind (What's on your mind)
If you want it, girl come and get it
All this is here for you
Tell me baby, tell me, tell me baby
What you tryna do

[Chorus]
Gold jewelry shining so bright
Strawberry champagne on ice
Lucky for you, that's what I like, that's what I like
Lucky for you, that's what I like, that's what I like
Sex by the fire at night
Silk sheets and diamonds all white
Lucky for you, that's what I like, that's what I like
Lucky for you, that's what I like, that's what I like",hey hey hey got condo manhattan baby girl hatnin as invited gon get clappin pop player pop pop turn around drop player drop drop I rent beach house miami ami wake jammies nope lobster tail dinner julio serve scampi julio got want got got want said got want take wallet want jump cadillac girl let u put mile anything want put smile deserve baby deserve I going give gold jewelry shining bright strawberry champagne ice lucky like like lucky like like sex fire night silk sheet diamond white lucky like like lucky like like I talkin trip puerto rico say word go say freaka brrrt girl I fleeko mamacita never make promise keep promise smile gon never leave shopping spree paris everything 24 karat take look mirror tell fairest say u say u I agree baby jump cadillac girl let u put mile anything want put smile deserve baby deserve I going give gold jewelry shining bright strawberry champagne ice lucky like like lucky like like sex fire night silk sheet diamond white lucky like like lucky like like say want good time well baby baby talk talk talk tell mind mind want girl come get tell baby tell tell baby tryna gold jewelry shining bright strawberry champagne ice lucky like like lucky like like sex fire night silk sheet diamond white lucky like like lucky like like
Versace on the Floor,"[Verse 1]
Let's take our time tonight, girl
Above us all the stars are watchin'
There's no place I'd rather be in this world
Your eyes are where I'm lost in
Underneath the chandelier
We're dancin' all alone
There's no reason to hide
What we're feelin' inside
Right now

[Pre-Chorus]
So, baby, let's just turn down the lights
And close the door
Oooh I love that dress
But you won't need it anymore
No, you won't need it no more
Let's just kiss 'til we're naked, baby

[Chorus]
Versace on the floor
Oooh take it off for me, for me, for me, for me now, girl
Versace on the floor
Oooh take it off for me, for me, for me, for me now, girl

[Verse 2]
Now I unzip the back to watch it fall
While I kiss your neck and shoulders
No, don't be afraid to show it all
I'll be right here ready to hold you
Girl, you know you're perfect from
Your head down to your heels
Don't be confused by my smile
'Cause I ain't ever been more for real, for real

[Pre-Chorus]
So just turn down the lights
And close the door
Oooh I love that dress
But you won't need it anymore
No, you won't need it no more
Let's just kiss 'til we're naked, baby

[Chorus]
Versace on the floor
Oooh take it off for me, for me, for me, for me now, girl
Versace on the floor
Oooh take it off for me, for me, for me, for me now, girl
Dance

[Bridge]
It's warmin' up
Can you feel it?
It's warmin' up
Can you feel it?
It's warmin' up
Can you feel it, baby?
It's warmin' up
Oh, seems like you're ready for more, more, more
Let's just kiss 'til we're naked

[Chorus]
Versace on the floor
Hey, baby
Take it off for me, for me, for me, for me now, girl
Versace on the floor
Oooh take it off for me, for me, for me, for me now, girl

[Outro]
Versace on the floor
Floor
Floor",let u take time tonight girl u star watchin place I would rather world eye I lost underneath chandelier dancin alone reason hide feelin inside right baby let u turn light close door oooh love dress need anymore need let u kiss til naked baby versace floor oooh take girl versace floor oooh take girl unzip back watch fall kiss neck shoulder afraid show I right ready hold girl know perfect head heel confused smile ever real real turn light close door oooh love dress need anymore need let u kiss til naked baby versace floor oooh take girl versace floor oooh take girl dance warmin feel warmin feel warmin feel baby warmin oh seems like ready let u kiss til naked versace floor hey baby take girl versace floor oooh take girl versace floor floor floor
Straight Up & Down,"[Verse 1]
Girl I bet your momma named  you good lookin'
'Cause you sure look good to me
My attention, oh, yes, you just took it
You're probably the finest thing that I ever seen
And nobody at the party droppin' it low like the way that you do

[Pre-Chorus]
You got me sayin', ""Damn girl, break it down for me""
Take it nice and slow, let me watch while you turn around
Just back it up on me girl, right now, right now

[Chorus]
I got your body rockin' side to side (Straight up!)
I put you on and now you're feelin' right (Straight up!)
I know exactly what is on your mind (Straight up!)
Oh baby we gon' have some fun tonight
Straight up and down
(Straight up, straight up, straight up)
Straight up and down
(Straight up, straight up, straight up)
Oh I know exactly what is on your mind
Oh baby we gon' have some fun tonight
Straight up and down

[Verse 2]
This liquor got both of us faded, so gone, so gone, so gone
But your booty deserve a celebration
And I'm gonna celebrate it all night long
Come on here and show me why you got the whole club starin' at you

[Pre-Chorus]
You got me sayin', ""Damn girl, break it down for me""
Take it nice and slow, let me watch while you turn around
Just back it up on me girl, right now, right now

[Chorus]
I got your body rockin' side to side (Straight up!)
I put you on and now you're feelin' right (Straight up!)
I know exactly what is on your mind (Straight up!)
Oh baby we gon' have some fun tonight
Straight up and down
(Straight up, straight up, straight up)
Straight up and down
(Straight up, straight up, straight up)
Oh I know exactly what is on your mind
Oh baby we gon' have some fun tonight
Straight up and down

[Bridge]
Girl tell me when you're ready
Ready to go
Just say the word
And then we'll take this home
Don't you fight the feelin'
'Cause I feel it too
Freakin' me baby, while I'm freakin' you

[Chorus]
I got your body rockin' side to side (Straight up!)
I put you on and now you're feelin' right (Straight up!)
I know exactly what is on your mind (Straight up!)
Oh baby we gon' have some fun tonight
Straight up and down
(Straight up, straight up, straight up)
Straight up and down
(Straight up, straight up, straight up)
Oh I know exactly what is on your mind
Oh baby we gon' have some fun tonight
Straight up and down",girl bet momma named good lookin sure look good attention oh yes took probably finest thing ever seen nobody party droppin low like way got sayin damn girl break take nice slow let watch turn around back girl right right got body rockin side side straight put feelin right straight know exactly mind straight oh baby gon fun tonight straight straight straight straight straight straight straight straight oh know exactly mind oh baby gon fun tonight straight liquor got u faded gone gone gone booty deserve celebration I going celebrate night long come show got whole club starin got sayin damn girl break take nice slow let watch turn around back girl right right got body rockin side side straight put feelin right straight know exactly mind straight oh baby gon fun tonight straight straight straight straight straight straight straight straight oh know exactly mind oh baby gon fun tonight straight girl tell ready ready go say word take home fight feelin feel freakin baby I freakin got body rockin side side straight put feelin right straight know exactly mind straight oh baby gon fun tonight straight straight straight straight straight straight straight straight oh know exactly mind oh baby gon fun tonight straight
Calling All My Lovelies,"[Verse 1]
I got too many girls on hold for you to be so bold
Too many on my team for you to act so mean
You say you wanna go and have fun, well you ain't the only one
If I ring, don't let it ring too long or I'm gone

[Pre-Chorus]
I got Alicia waitin', Aisha waitin'
All the eesha's waitin' on me
So why you contemplatin'? Playa hatin'?
If this is how it's gonna be

[Chorus]
I'm calling all my lovelies (calling all my lovelies)
'Cause I can't get a hold of you
Since you ain't thinking of me (since you ain't thinking of me)
Oh, look what you're making me do

[Verse 2]
Honey pie, I'm far too fly to be on standby
Sendin' me straight to voicemail, suga, what the hell?
Oh, you ought to be ashamed, playin' these childish games
I don't get down like that, tell me where you at, hit me back

[Pre-Chorus]
I got Alicia waitin', Aisha waitin'
All the eesha's waitin' on me
So why you contemplatin'? Playa hatin'?
If this is how it's gonna be

[Chorus]
I'm calling all my lovelies (calling all my lovelies)
'Cause I can't get a hold of you
Since you ain't thinking of me (since you ain't thinking of me)
Oh, look what you're making me do

[Bridge]
Pick up the phone, pick up the phone
'Cause all this loving needs a home
Oh no, look at what you started, baby
Now I'm left here broken hearted, baby
There's a pain in my chest I cannot explain
I told myself I wasn't gon' cry
But somebody's gotta come dry these eyes 'cause

Hi, you've reached Halle Berry. Sorry I can't get to the phone right now but if you leave your name and number, I'll get right back to you

Damn...

[Chorus]
I'm calling calling calling calling all my lovelies
'Cause I can't get a hold of you
Oh, since you ain't thinking of me (since you ain't thinking of me, baby)
Look what you're making me do

[Outro]
Pick up the phone, pick up the phone
'Cause all this loving needs a home, oh",got many girl hold bold many team act mean say want go fun well one ring let ring long I gone got alicia waitin aisha waitin eeshas waitin contemplatin playa hatin going I calling lovely calling lovely get hold since thinking since thinking oh look making honey pie I far fly standby sendin straight voicemail suga hell oh ought ashamed playin childish game get like tell hit back got alicia waitin aisha waitin eeshas waitin contemplatin playa hatin going I calling lovely calling lovely get hold since thinking since thinking oh look making pick phone pick phone loving need home oh look started baby I left broken hearted baby pain chest explain told gon cry somebody got come dry eye hi reached halle berry sorry get phone right leave name number I get right back damn I calling calling calling calling lovely get hold oh since thinking since thinking baby look making pick phone pick phone loving need home oh
Finesse,"[Verse 1]
Ooh, don't we look good together?
There's a reason why they watch all night long
Yeah, know we'll turn heads forever
So tonight I'm gonna show you off

[Pre-Chorus]
When I'm walkin' with you
I watch the whole room change
Baby, that's what you do
No my baby don't play
Blame it on my confidence
Oh, blame it on your measurements
Shut that shit down on sight
That's right

[Chorus]
We out here drippin' in finesse
It don't make no sense
Out here drippin' in finesse
You know it, you know it
We out here drippin' in finesse
It don't make no sense
Out here drippin' in finesse
You know it, you know it

[Verse 2]
Now slow it down for me baby
'Cause I love the way it feels when we grind
Yeah, our connection's so magnetic on the floor
Nothing can stop us tonight

[Pre-Chorus]
When I'm walkin' with you
I watch the whole room change
Baby, that's what you do
No my baby don't play
Blame it on my confidence
Oh, blame it on your measurements
Shut that shit down on sight
That's right

[Chorus]
We out here drippin' in finesse
It don't make no sense
Out here drippin' in finesse
You know it, you know it
We out here drippin' in finesse
It don't make no sense
Out here drippin' in finesse
You know it, you know it

[Bridge]
Fellas, grab your ladies if your lady fine
Tell her she the one, she the one for life (woo)
Ladies, grab your fellas and let's do this right (do this right)
If you're on one like me in mind (ow!)
Yeah, we got it goin' on, got it goin' on
Don't it feel so good to be us? (ayy)
Yeah, we got it goin' on, got it goin' on (yeah)
Girl, we got it goin' on
Yeah, we got it goin' on, got it goin' on (hey)
Don't it feel so good to be us, ayy? (feels so good on you)
Yeah, we got it goin' on, got it goin' on

[Chorus]
We out here drippin' in finesse (we drippin' on them)
It don't make no sense
Out here drippin' in finesse
You know it, you know it
We out here drippin' in finesse with my baby
It don't make no sense
Out here drippin' in finesse
You know it, you know it (yeah, you know we got it goin' on)

[Outro]
Yeah, we got it goin' on, got it goin' on
Don't it feel so good to be us, ayy?
Yeah, we got it goin' on, got it goin' on
You know it, you know it
Yeah, we got it goin' on, got it goin' on
Girl, we got it
Don't it feel so good to be us, ayy?
Yeah, we got it goin' on, got it goin' on
You know it, you know it",ooh look good together reason watch night long yeah know turn head forever tonight I going show I walkin watch whole room change baby baby play blame confidence oh blame measurement shut shit sight right drippin finesse make sense drippin finesse know know drippin finesse make sense drippin finesse know know slow baby love way feel grind yeah connection magnetic floor nothing stop u tonight I walkin watch whole room change baby baby play blame confidence oh blame measurement shut shit sight right drippin finesse make sense drippin finesse know know drippin finesse make sense drippin finesse know know fella grab lady lady fine tell one one life woo lady grab fella let u right right one like mind ow yeah got going got going feel good u ayy yeah got going got going yeah girl got going yeah got going got going hey feel good u ayy feel good yeah got going got going drippin finesse drippin make sense drippin finesse know know drippin finesse baby make sense drippin finesse know know yeah know got going yeah got going got going feel good u ayy yeah got going got going know know yeah got going got going girl got feel good u ayy yeah got going got going know know
Too Good to Say Goodbye,"[Verse 1]
I've made mistakes
I could have treated you better
I let you get away
There goes my happily ever after

[Pre-Chorus]
Tell me why, why can't we try and start again?
This can't be how our story ends
You're more than my girl, you're my best friend
Tell me you remember when
Ooh, when I was your man and you were my girl
It was you and me against the world

[Chorus]
Baby, ain't nobody gonna love me like the way you do
And you ain't never gonna find a love like mine
Tell me what can I do to make it up to you?
'Cause what we got's too good to say goodbye, goodbye

[Verse 2]
Yeah, I'm still in love with you darlin'
I know you feel the same
Oh, what's the point of both of us being broken-hearted?
I pray it's never too late

[Pre-Chorus]
So tell me, why, why can't we try and start again?
This can't be how our story ends
You're more than my girl, you're my best friend
Tell me you remember when
I was your man and you were my girl
It was you and me against the world

[Chorus]
Baby, ain't nobody gonna love me like the way you do
And you ain't never gonna find a love like mine
Tell me what can I do to make it up to you?
'Cause what we got's too good to say goodbye, goodbye

[Bridge]
(Oh, don't you give up)
Girl won't you listen?
(Don't you give up)
It's you that I'm missin'
(Don't you give up)
Take my hand, I wanna go, I wanna go
(All the way)
If we're gonna fight this fight for better days
I know we're gonna make it
This is the chance, let's take it

[Chorus]
Baby, ain't nobody gonna love me like the way you do
(No, no, no, no)
And you ain't never gonna find a love like mine
(Oh, tell me)
Tell me what can I do to make it up to you?
'Cause what we got's too good to say goodbye
(Come on, come on) goodbye (Oh baby, baby)
Baby, ain't nobody gonna love me like the way you do
And you ain't never gonna find a love like mine
(Oh, tell me)
Tell me what can I do to make it up to you?
'Cause what we got's too good to say goodbye, goodbye",I made mistake could treated better let get away go happily ever tell try start story end girl best friend tell remember ooh man girl world baby nobody going love like way never going find love like mine tell make gots good say goodbye goodbye yeah I still love darlin know feel oh point u brokenhearted pray never late tell try start story end girl best friend tell remember man girl world baby nobody going love like way never going find love like mine tell make gots good say goodbye goodbye oh give girl listen give I missin give take hand want go want go way going fight fight better day know going make chance let u take baby nobody going love like way never going find love like mine oh tell tell make gots good say goodbye come come goodbye oh baby baby baby nobody going love like way never going find love like mine oh tell tell make gots good say goodbye goodbye
